{
    "0": {
        "0": {
            "AUPR": 0.8426415293475447,
            "AUC": 0.8485101371755748
        },
        "1": {
            "AUPR": 0.9397952393564788,
            "AUC": 0.9438489337164363
        },
        "2": {
            "AUPR": 0.9577140801665202,
            "AUC": 0.9583429645821484
        },
        "3": {
            "AUPR": 0.9693670660221112,
            "AUC": 0.972104243279022
        },
        "4": {
            "AUPR": 0.976495627879418,
            "AUC": 0.9763518771743944
        },
        "5": {
            "AUPR": 0.9767293578086529,
            "AUC": 0.9798452779165661
        },
        "6": {
            "AUPR": 0.9752061215109673,
            "AUC": 0.9816525204379187
        },
        "7": {
            "AUPR": 0.98483712104485,
            "AUC": 0.9862823531272401
        },
        "8": {
            "AUPR": 0.9848005231765654,
            "AUC": 0.9861131874349672
        },
        "9": {
            "AUPR": 0.9759258880794901,
            "AUC": 0.9832295966809241
        }
    },
    "0.01": {
        "0": {
            "AUPR": 0.9184873151527109,
            "AUC": 0.9387579674932182
        },
        "1": {
            "AUPR": 0.9589410257675606,
            "AUC": 0.9675470599224287
        },
        "2": {
            "AUPR": 0.9671855313426088,
            "AUC": 0.9707446212286428
        },
        "3": {
            "AUPR": 0.9746243853109238,
            "AUC": 0.9768670998700497
        },
        "4": {
            "AUPR": 0.9776160393484359,
            "AUC": 0.9797739720655159
        },
        "5": {
            "AUPR": 0.9811281005492625,
            "AUC": 0.9823573946860573
        },
        "6": {
            "AUPR": 0.9828846907116798,
            "AUC": 0.9844683218124711
        },
        "7": {
            "AUPR": 0.9870371260952521,
            "AUC": 0.9882803612299679
        },
        "8": {
            "AUPR": 0.9899565461078854,
            "AUC": 0.9918811990552404
        },
        "9": {
            "AUPR": 0.9902977808553551,
            "AUC": 0.9910379179381146
        }
    },
    "0.02": {
        "0": {
            "AUPR": 0.7324867453000664,
            "AUC": 0.8125271254442838
        },
        "1": {
            "AUPR": 0.9722124300935132,
            "AUC": 0.978085248687756
        },
        "2": {
            "AUPR": 0.9690171446074791,
            "AUC": 0.9737243658502261
        },
        "3": {
            "AUPR": 0.9731514759992017,
            "AUC": 0.9759458074485116
        },
        "4": {
            "AUPR": 0.9786342665605184,
            "AUC": 0.9810866837351597
        },
        "5": {
            "AUPR": 0.979356134461954,
            "AUC": 0.9826822389821407
        },
        "6": {
            "AUPR": 0.9836031038839366,
            "AUC": 0.9844933069234937
        },
        "7": {
            "AUPR": 0.9814517128860931,
            "AUC": 0.982109646439784
        },
        "8": {
            "AUPR": 0.9863844315553518,
            "AUC": 0.9890411786340991
        },
        "9": {
            "AUPR": 0.9923878282563638,
            "AUC": 0.9927496580913493
        }
    },
    "0.03": {
        "0": {
            "AUPR": 0.9462875287670138,
            "AUC": 0.9567936312456962
        },
        "1": {
            "AUPR": 0.9727087622975932,
            "AUC": 0.9787034134723417
        },
        "2": {
            "AUPR": 0.9711626113448222,
            "AUC": 0.975144747928917
        },
        "3": {
            "AUPR": 0.9751582076829333,
            "AUC": 0.9786073679382431
        },
        "4": {
            "AUPR": 0.9763962435446819,
            "AUC": 0.9797541183037742
        },
        "5": {
            "AUPR": 0.9830233232330924,
            "AUC": 0.9848087691856129
        },
        "6": {
            "AUPR": 0.979489441264272,
            "AUC": 0.982578195710939
        },
        "7": {
            "AUPR": 0.9882636117593764,
            "AUC": 0.9899291055124388
        },
        "8": {
            "AUPR": 0.9836715056132501,
            "AUC": 0.9869977098118692
        },
        "9": {
            "AUPR": 0.9898330247227347,
            "AUC": 0.9909601365530569
        }
    },
    "0.04": {
        "0": {
            "AUPR": 0.9569144984780144,
            "AUC": 0.9663016916276504
        },
        "1": {
            "AUPR": 0.879199224870665,
            "AUC": 0.8720124830100249
        },
        "2": {
            "AUPR": 0.9692201174614853,
            "AUC": 0.9742225452124664
        },
        "3": {
            "AUPR": 0.9756858969597978,
            "AUC": 0.9790082880419654
        },
        "4": {
            "AUPR": 0.9778657613105587,
            "AUC": 0.9804711928819598
        },
        "5": {
            "AUPR": 0.9792830851077046,
            "AUC": 0.9819378741969697
        },
        "6": {
            "AUPR": 0.9854397836544948,
            "AUC": 0.9871353829822365
        },
        "7": {
            "AUPR": 0.9848679381073293,
            "AUC": 0.9875013633523958
        },
        "8": {
            "AUPR": 0.9875486082009101,
            "AUC": 0.9894335680257511
        },
        "9": {
            "AUPR": 0.9898170961471895,
            "AUC": 0.9915585085558046
        }
    },
    "0.05": {
        "0": {
            "AUPR": 0.9731567695073787,
            "AUC": 0.9773274081076441
        },
        "1": {
            "AUPR": 0.9439666951358252,
            "AUC": 0.9515910618730187
        },
        "2": {
            "AUPR": 0.9701301893696328,
            "AUC": 0.9741361492352152
        },
        "3": {
            "AUPR": 0.9710426026270523,
            "AUC": 0.9759896314286678
        },
        "4": {
            "AUPR": 0.981650633499596,
            "AUC": 0.9840909815305097
        },
        "5": {
            "AUPR": 0.9809883685394146,
            "AUC": 0.9837897404581278
        },
        "6": {
            "AUPR": 0.9865783377202438,
            "AUC": 0.9884488254871735
        },
        "7": {
            "AUPR": 0.9897852122823096,
            "AUC": 0.9909493464080485
        },
        "8": {
            "AUPR": 0.9842246107543137,
            "AUC": 0.98658051265008
        },
        "9": {
            "AUPR": 0.9918944083927785,
            "AUC": 0.9930599083804591
        }
    },
    "0.06": {
        "0": {
            "AUPR": 0.9711163616184869,
            "AUC": 0.9762055985418818
        },
        "1": {
            "AUPR": 0.9692541635828575,
            "AUC": 0.974282132027953
        },
        "2": {
            "AUPR": 0.9785644219246828,
            "AUC": 0.9823632611432513
        },
        "3": {
            "AUPR": 0.9730377690337155,
            "AUC": 0.9771292569753729
        },
        "4": {
            "AUPR": 0.9809556202418005,
            "AUC": 0.9842679615120618
        },
        "5": {
            "AUPR": 0.9799961921104167,
            "AUC": 0.9833655219055906
        },
        "6": {
            "AUPR": 0.9851736314918705,
            "AUC": 0.9862655499201713
        },
        "7": {
            "AUPR": 0.9897199342152285,
            "AUC": 0.9908647468676968
        },
        "8": {
            "AUPR": 0.9857199678926779,
            "AUC": 0.9877677953688279
        },
        "9": {
            "AUPR": 0.990611276939269,
            "AUC": 0.991363710838883
        }
    },
    "0.07": {
        "0": {
            "AUPR": 0.9728342080285088,
            "AUC": 0.9790188868681986
        },
        "1": {
            "AUPR": 0.9822568556655054,
            "AUC": 0.9855116098009413
        },
        "2": {
            "AUPR": 0.9389836912687454,
            "AUC": 0.9395669216925363
        },
        "3": {
            "AUPR": 0.9798900889883917,
            "AUC": 0.9831793846324329
        },
        "4": {
            "AUPR": 0.9818218950327751,
            "AUC": 0.9844038746059395
        },
        "5": {
            "AUPR": 0.9849797625652383,