{
    "0": {
        "0": {
            "AUPR": 0.6093275959112158,
            "AUC": 0.6512744707004139
        },
        "1": {
            "AUPR": 0.9085177093448923,
            "AUC": 0.9090810876569814
        },
        "2": {
            "AUPR": 0.9577660904607719,
            "AUC": 0.9585507430741448
        },
        "3": {
            "AUPR": 0.9698839702167596,
            "AUC": 0.9700444536470201
        },
        "4": {
            "AUPR": 0.9735595224176645,
            "AUC": 0.9731565466762664
        },
        "5": {
            "AUPR": 0.9754585445489358,
            "AUC": 0.9739561624593864
        },
        "6": {
            "AUPR": 0.9792616729008458,
            "AUC": 0.9778624995457665
        },
        "7": {
            "AUPR": 0.9757299414067899,
            "AUC": 0.9742201900341225
        },
        "8": {
            "AUPR": 0.9812603081099167,
            "AUC": 0.9795658551793684
        },
        "9": {
            "AUPR": 0.9803441481272989,
            "AUC": 0.978666770768531
        }
    },
    "0.01": {
        "0": {
            "AUPR": 0.8414763996131146,
            "AUC": 0.8749182783797671
        },
        "1": {
            "AUPR": 0.9129008110686438,
            "AUC": 0.9151079468216947
        },
        "2": {
            "AUPR": 0.9553547696715515,
            "AUC": 0.9563897368040607
        },
        "3": {
            "AUPR": 0.9689717306620669,
            "AUC": 0.9686322951842987
        },
        "4": {
            "AUPR": 0.9739439831456392,
            "AUC": 0.9731141809099375
        },
        "5": {
            "AUPR": 0.9777687539695684,
            "AUC": 0.9765994546619587
        },
        "6": {
            "AUPR": 0.9788422263036483,
            "AUC": 0.9777186904740951
        },
        "7": {
            "AUPR": 0.9807240098375573,
            "AUC": 0.9792255125877336
        },
        "8": {
            "AUPR": 0.9802389368593983,
            "AUC": 0.9781448261474466
        },
        "9": {
            "AUPR": 0.9814927507005698,
            "AUC": 0.9797116816440095
        }
    },
    "0.02": {
        "0": {
            "AUPR": 0.8986011894863657,
            "AUC": 0.922970773509844
        },
        "1": {
            "AUPR": 0.9143117050250726,
            "AUC": 0.9173760029354694
        },
        "2": {
            "AUPR": 0.9600521145370273,
            "AUC": 0.9608504267760821
        },
        "3": {
            "AUPR": 0.970549254044926,
            "AUC": 0.9703804425099127
        },
        "4": {
            "AUPR": 0.9728810265923314,
            "AUC": 0.972355893206166
        },
        "5": {
            "AUPR": 0.9772635681132534,
            "AUC": 0.9759128816577665
        },
        "6": {
            "AUPR": 0.9785237504779637,
            "AUC": 0.977351479080335
        },
        "7": {
            "AUPR": 0.9791429624316142,
            "AUC": 0.9777739579898299
        },
        "8": {
            "AUPR": 0.9806672291650484,
            "AUC": 0.9790332020299001
        },
        "9": {
            "AUPR": 0.980863765906465,
            "AUC": 0.9787539290146073
        }
    },
    "0.03": {
        "0": {
            "AUPR": 0.918691527198168,
            "AUC": 0.924959832855621
        },
        "1": {
            "AUPR": 0.9200099267618393,
            "AUC": 0.9241589221412806
        },
        "2": {
            "AUPR": 0.9603467572888261,
            "AUC": 0.9605836171379931
        },
        "3": {
            "AUPR": 0.9622819087158089,
            "AUC": 0.9629174314725159
        },
        "4": {
            "AUPR": 0.975640191970444,
            "AUC": 0.9747869926970637
        },
        "5": {
            "AUPR": 0.9769995561287835,
            "AUC": 0.9758006017660117
        },
        "6": {
            "AUPR": 0.9733248273759243,
            "AUC": 0.9719152196761087
        },
        "7": {
            "AUPR": 0.9787469084581952,
            "AUC": 0.9772127904362188
        },
        "8": {
            "AUPR": 0.9820318012882833,
            "AUC": 0.9802562015173543
        },
        "9": {
            "AUPR": 0.9816099761392232,
            "AUC": 0.9798439335510538
        }
    },
    "0.04": {
        "0": {
            "AUPR": 0.9520094097868601,
            "AUC": 0.9538222322929684
        },
        "1": {
            "AUPR": 0.9158574939940749,
            "AUC": 0.920353328770126
        },
        "2": {
            "AUPR": 0.9596156512349229,
            "AUC": 0.9598911423064649
        },
        "3": {
            "AUPR": 0.9680977716008382,
            "AUC": 0.9680331350564095
        },
        "4": {
            "AUPR": 0.9744017896769954,
            "AUC": 0.9738741243785164
        },
        "5": {
            "AUPR": 0.9776255624398822,
            "AUC": 0.976260561450234
        },
        "6": {
            "AUPR": 0.9781261220351439,
            "AUC": 0.9766507629594272
        },
        "7": {
            "AUPR": 0.9795948039611112,
            "AUC": 0.9780911741399834
        },
        "8": {
            "AUPR": 0.981577019737597,
            "AUC": 0.979801928818096
        },
        "9": {
            "AUPR": 0.9798176405846671,
            "AUC": 0.9780033478035317
        }
    },
    "0.05": {
        "0": {
            "AUPR": 0.9629575709775313,
            "AUC": 0.9564074162724742
        },
        "1": {
            "AUPR": 0.9273964112804313,
            "AUC": 0.9318281583784367
        },
        "2": {
            "AUPR": 0.9623957302586715,
            "AUC": 0.9629550730660617
        },
        "3": {
            "AUPR": 0.9718197433896943,
            "AUC": 0.9711620647511582
        },
        "4": {
            "AUPR": 0.9751605111321184,
            "AUC": 0.9737981529662066
        },
        "5": {
            "AUPR": 0.9780452700766133,
            "AUC": 0.9764706880996586
        },
        "6": {
            "AUPR": 0.9777946590089261,
            "AUC": 0.9762127163396604
        },
        "7": {
            "AUPR": 0.9806924354342084,
            "AUC": 0.9789813904903883
        },
        "8": {
            "AUPR": 0.9805317484804092,
            "AUC": 0.978570277075389
        },
        "9": {
            "AUPR": 0.9806241728554715,
            "AUC": 0.9786316454613118
        }
    },
    "0.06": {
        "0": {
            "AUPR": 0.9616043870103461,
            "AUC": 0.9522551426386381
        },
        "1": {
            "AUPR": 0.9144334515393908,
            "AUC": 0.91787990558074
        },
        "2": {
            "AUPR": 0.9621974652770554,
            "AUC": 0.9629408754779873
        },
        "3": {
            "AUPR": 0.9722443994345582,
            "AUC": 0.9717041005431504
        },
        "4": {
            "AUPR": 0.9754151544668137,
            "AUC": 0.9742768471583807
        },
        "5": {
            "AUPR": 0.9784376490884827,
            "AUC": 0.9768012993182047
        },
        "6": {
            "AUPR": 0.976812707346502,
            "AUC": 0.9752045275538622
        },
        "7": {
            "AUPR": 0.9784093711112785,
            "AUC": 0.9768191245364367
        },
        "8": {
            "AUPR": 0.980816154106717,
            "AUC": 0.9789079358891847
        },
        "9": {
            "AUPR": 0.9801021593395772,
            "AUC": 0.9778737618742592
        }
    },
    "0.07": {
        "0": {
            "AUPR": 0.9153918356431534,
            "AUC": 0.9331377129713723
        },
        "1": {
            "AUPR": 0.9311415403842742,
            "AUC": 0.9365712473182679
        },
        "2": {
            "AUPR": 0.9596457073813557,
            "AUC": 0.9609582160246479
        },
        "3": {
            "AUPR": 0.9729305742530933,
            "AUC": 0.9723640358066638
        },
        "4": {
            "AUPR": 0.9750233492276233,
            "AUC": 0.9738998287799421
        },
        "5": {
            "AUPR": 0.9785360968040543,